distance_band,accepted
0-1km,0.7215002824981529
1-2.5km,
2.5-5km,0.43987607123061834
>5km,0.23212829573253602
