battery_band,accepted
0-20,
20-40,0.3910262352832113
40-60,0.4718725038986725
60-80,0.5421478683216406
80-100,0.6161966023420749
